{"val_loss": [0.16213880927791294, 0.1399860578043412, 0.1299419173702207, 0.11799022882403878, 0.11423360135278843, 0.11221302836722108, 0.10608354755179612, 0.10786565643515982, 0.104006841311821, 0.1045254282223653, 0.10048823094569061, 0.10101084620867247, 0.099381001059298, 0.09747008284482728, 0.09871894171539326, 0.09861267217040594, 0.09580796082557555, 0.0981890996306473, 0.09602841828670396, 0.09468999111179081, 0.09212092798335114, 0.09432541157426147, 0.09443726000710165, 0.0922103846278403, 0.09167536779819897, 0.09424321470864495, 0.09133017190603965, 0.09264529925861774, 0.09224468717690952, 0.09280838319973768, 0.09285805828750622, 0.08958093903864914, 0.09167443252208272, 0.08930604327779283, 0.09209404847221983, 0.088745443902339, 0.08855736993252734, 0.09024183528875461, 0.08813407168331779, 0.08722460268735806, 0.08891658512753116, 0.08898639328754443], "val_acc": [0.9420961397744407, 0.9510967398064957, 0.9528968598065484, 0.9591972798345502, 0.9597639842815133, 0.9600973398464983, 0.9638975931887738, 0.962697513191388, 0.9647643176370704, 0.9636642442988478, 0.9653976931954409, 0.9655643709739595, 0.9656977131967743, 0.966331088755145, 0.966431095422256, 0.966097739865219, 0.9670644709806266, 0.9656643776410706, 0.967131142092034, 0.9682312154302566, 0.969231282101368, 0.9680312020960343, 0.9682645509859603, 0.968997933211442, 0.9683312220973678, 0.9685645709872938, 0.9697979865483312, 0.9692979532127755, 0.9683645576610193, 0.9674311620854197, 0.9684978998758863, 0.9697979865483312, 0.9695313021027014, 0.9699313287631982, 0.9677645176424567, 0.9709313954422574, 0.9710314021014207, 0.9694646309833461, 0.9708980598786059, 0.9709647309979611, 0.9705647043374643, 0.9693312887684792], "loss": [0.2759428301597457, 0.17883002519682478, 0.15741975706181413, 0.1459886948454388, 0.1378641138100076, 0.13152095514550294, 0.12600468003269436, 0.12237058998406838, 0.11868967432430542, 0.1170627903112606, 0.11504272272529362, 0.1108317174847566, 0.1089241938790019, 0.10817761613424058, 0.10618222443911163, 0.10495663453445128, 0.10250934932246746, 0.10136331451719692, 0.10043735480039279, 0.09939521041772717, 0.09791531937474743, 0.09685442340810062, 0.096713868092977, 0.09540516620192584, 0.09536034035881426, 0.09447325039975092, 0.09449263458268496, 0.09291799490712585, 0.09133370113889767, 0.09177483796687194, 0.09111871242791213, 0.08924184930875581, 0.08933017277254528, 0.08903980605419039, 0.08856883835768783, 0.08789758514405618, 0.08815463767163911, 0.08681843168756248, 0.08584848970693372, 0.08613619052388541, 0.08564152063745657, 0.0848046528646716], "acc": [0.8880737745860819, 0.9341828935542839, 0.9433547151969709, 0.9480192008245955, 0.9509550409303256, 0.9538908810386103, 0.9551909367544323, 0.9566552852273612, 0.9580482020658028, 0.9584553623726731, 0.9589410974756061, 0.961219766561424, 0.9611269054388045, 0.9618983670728746, 0.9626341128905525, 0.9633912881980656, 0.9637270168721517, 0.9644127605468806, 0.964305613092595, 0.9651199337114448, 0.9654985213660529, 0.9659413974884637, 0.9660771175907539, 0.9664771347351973, 0.9664842778984757, 0.9668842950412161, 0.9668200065717102, 0.9672628826898635, 0.9678557652419728, 0.967562895553518, 0.9680700601454348, 0.9682914982070661, 0.9681486349363883, 0.9683700730031287, 0.9686415132025997, 0.968948669223572, 0.9687915196314467, 0.969298684224215, 0.9696272697401317, 0.9695272654542337, 0.9694701201480064, 0.9701701501492921]}